LLMModel,PromptType,TaskDifficulty,Temperature,JudgmentType,Agreement,ConsistencyRate,BiasRate,BiasRateReversed,Outcome
2,1,0.08023374566164221,0.5720377604681723,0,0.5418214896899591,0.5423834485571799,0.4428366697454354,0.5571633302545647,0.5471227561672346
0,1,0.5245113895702547,0.5270764955597476,1,0.5330875389295598,0.5967761302555913,0.33029619015144457,0.6697038098485555,0.5998558263445689
2,2,0.4103968269896615,0.7055881008130738,1,0.5875876367371589,0.7249251832825517,0.48073531139258074,0.5192646886074193,0.61059250287571
2,1,0.9823786169086064,1.0,1,0.5089092930473247,0.4847014015333364,0.7402142533794196,0.2597857466205804,0.41779881373374717
0,0,0.11203890216805235,0.4804260667215052,0,0.6312940397409978,0.5073876972472005,0.3341669009908483,0.6658330990091517,0.60150494533245
0,0,0.39785559904574164,0.5617005926709682,0,0.603269269603767,0.4887287758673966,0.4461111985686327,0.5538888014313673,0.5486289489675102
2,0,0.9694704332753689,0.9218854116986125,1,0.5583898882349172,0.507064954770082,0.6154383747151154,0.3845616252848846,0.4833388227632945
1,2,0.8655071258939803,0.6942960405657455,1,0.5802026989881012,0.5066899937005728,0.5660109735500017,0.43398902644999826,0.5069605730462241
2,1,0.8170720709492799,0.7721776538562328,1,0.4965866100405652,0.6697900113642034,0.618489493738772,0.38151050626122796,0.5159623758886656
2,0,0.25790282704493983,0.8536924352815279,1,0.5909682967243465,0.6792033174755078,0.61722359630602,0.38277640369398,0.5509826726312781
2,2,0.17088758739006582,0.6778784097106606,1,0.6401585307523832,0.7475977008475032,0.45021846374674734,0.5497815362532527,0.645845922617713
2,1,0.668643219924431,0.785525234308079,1,0.5664357278025774,0.6504109658520735,0.5993867935189837,0.4006132064810163,0.5391533000452223
0,2,0.9293759891275858,0.34829423745770577,1,0.5941669389206902,0.5709361179866705,0.39879804658339685,0.6012019534166031,0.5887683367746547
2,0,0.5567628930139298,0.8750852885912238,1,0.5581935952363835,0.5580935242749684,0.6408336096226074,0.3591663903773926,0.4918178366295815
1,0,0.5716126894698998,0.8145244439329673,0,0.3495164073543305,0.4601412516114426,0.5341576172199386,0.4658423827800614,0.4251666805819448
0,0,0.2799790936602842,0.42534637942492237,0,0.5817936896123715,0.518545413525924,0.4068510435203834,0.5931489564796166,0.5644960198726374
1,2,0.7694929331919369,0.5402462607338813,1,0.5573396771736515,0.5911297456300958,0.4577629533931208,0.5422370466068792,0.5635688231368755
1,2,0.18704374855752337,0.398692293361835,1,0.7236502803412546,0.7057078293419453,0.33445484143675414,0.6655451585632459,0.698301089415482
1,0,0.3236792364042437,0.8018725865329087,0,0.5807744338872017,0.36413496987047744,0.5337012856429278,0.46629871435707215,0.47040270603825046
1,2,0.4254364386164168,0.3402249533832642,0,0.5594196405440579,0.5696041268211056,0.4184949716287756,0.5815050283712244,0.5701762652454626
0,0,0.507610378684455,0.4948688531412867,0,0.3742639300518519,0.4439724133582509,0.41879076058895637,0.5812092394110436,0.4664818609403822
0,0,0.24240973241508024,0.5619621607479601,0,0.49287016744009843,0.42731074107323475,0.4156857672451764,0.5843142327548236,0.501498380422719
1,1,0.11483682473920354,0.7180360853973545,0,0.5781534736568018,0.542928227675482,0.5515422522081961,0.4484577477918039,0.5231798163746959
1,2,0.6106200424416326,0.5044869781368645,1,0.7355092750258071,0.6138999888237909,0.4822115840880652,0.5177884159119348,0.6223992265871776
0,0,0.28863055324025577,0.4733431026547057,0,0.46765653415694186,0.47525885424217285,0.428755243407295,0.571244756592705,0.5047200483306066
0,0,0.5812382214226123,0.7462395290863202,0,0.44283928029366876,0.2927083142231007,0.4882806156380944,0.5117193843619057,0.41575565962622507
0,2,0.1543627152742023,0.1706348814857958,1,0.7101077411878384,0.6876401462519349,0.17988283032545294,0.8201171696745471,0.7392883523714401
2,1,0.4811401018548175,0.5282334145234736,1,0.6881185477422693,0.7114871212514118,0.5084060675471525,0.49159393245284755,0.6303998671488429
2,1,0.5325894325515859,0.7972603882604918,1,0.7397801076175455,0.6580395671307339,0.5928688709873752,0.4071311290126248,0.6016502679203014
2,0,0.05182353682242691,0.7549769312469816,0,0.49317605052390506,0.5465605963278953,0.5879001436850076,0.41209985631499235,0.4839455010555976
1,2,0.3366042781939206,0.3815371461063207,1,0.7145654114234404,0.6876495703065659,0.3247527542625228,0.6752472457374772,0.6924874091558278
2,1,0.13441467693897424,0.7842771124238328,1,0.6746600571672243,0.7391033192334402,0.47396790249997867,0.5260320975000213,0.6465984913002286
1,2,0.06337497047276774,0.48071756842439667,1,0.7537365486723715,0.6803773995752578,0.2617473079719625,0.7382526920280374,0.7241222134252222
1,2,0.9899602323899452,0.4925881601653217,1,0.6081266863849538,0.5077288770349421,0.4666469276050446,0.5333530723949553,0.5497362119382837
2,0,0.32235384497472297,0.7042049446303829,1,0.6719056590886179,0.7827454976557086,0.5394430856642957,0.46055691433570434,0.6384026903600103
1,1,0.8098744458546349,0.718233177413478,1,0.5339601738194035,0.6223294760785986,0.5036263511408288,0.49637364885917123,0.5508877662523911
2,0,0.25464065476376385,0.8904841832722425,0,0.5208470266042062,0.4422089408550067,0.6173653429562785,0.38263465704372146,0.44856354150097816
2,1,0.6815027222239293,0.7582326858444547,0,0.4872203082494001,0.5231468921342746,0.6001700587870351,0.3998299412129649,0.47006571386554646
0,1,0.7602278598896866,0.6606864855937353,0,0.45684986282571327,0.3184522968872366,0.5284429760726516,0.47155702392734844,0.41561972788009943
2,1,0.5956387406078443,0.6525553974281693,1,0.6261889899085831,0.6885588625365694,0.45772786082884415,0.5422721391711558,0.6190066638721027
0,1,0.47157618855015837,0.29460510176254195,0,0.5833158703113308,0.48447078838402025,0.36337843129298136,0.6366215687070187,0.56813607580079
2,1,0.41184091414726853,0.6719932844266026,1,0.6557547825730433,0.680860379179861,0.3438173239050349,0.6561826760949652,0.6642659459492898
2,2,0.3488682665429953,0.6303282250187499,1,0.7323172183786838,0.6713654684808333,0.46208389957897505,0.5379161004210249,0.6471995957601807
0,0,0.9295291442478258,0.6172868593570517,0,0.41929134158867754,0.29960773523518497,0.4430917672585324,0.5569082327414676,0.4252691031884434
0,2,0.8306194077877291,0.35893833499313993,1,0.5206049353129409,0.5147814915431255,0.4425741374934421,0.5574258625065579,0.5309374297875414
2,1,0.9650269106665126,0.831708230718081,1,0.6170809147536239,0.544678602628976,0.6631368734536268,0.3368631265463732,0.4995408813096576
1,0,0.12429722348554473,0.53727577992951,0,0.5311009286294617,0.5274064736968893,0.44316086659998877,0.5568391334000112,0.5384488452421207
0,1,0.7308674752036443,0.6174632079276904,1,0.5089859731688875,0.47214210153810254,0.5209193950168228,0.47908060498317717,0.48673622656338905
1,0,0.9383404568210378,0.7356189278428469,0,0.40569721126286756,0.4175970165063947,0.553990920834768,0.446009079165232,0.4231011023114981
1,2,0.18123306616566015,0.5798528897753787,0,0.6266427311093613,0.5876511173830725,0.5285089867532405,0.47149101324675946,0.5619282872463978
1,0,0.0664962673667775,0.6909221613744483,0,0.4292900141520529,0.47028724550387246,0.5038606667303703,0.49613933326962967,0.46523886430851835
0,0,0.741120649290059,0.6197873868443843,0,0.5968391457006784,0.3680889004008657,0.48527654908587686,0.5147234509141232,0.4932171656718891
1,0,0.5744731131799119,0.7644240393412116,1,0.6160283173329479,0.5949414720982543,0.5622791861384975,0.4377208138615025,0.5495635344309016
0,0,0.8418287767582721,0.6289537336775587,0,0.4382929479273632,0.3653422269155813,0.4596457609964267,0.5403542390035734,0.4479964712821726
1,0,0.1397723766262895,0.7282495136493834,0,0.5148032082117417,0.48496269978830375,0.4382150025123748,0.5617849974876252,0.5205169684958902
2,1,0.7952673118598902,0.9124419841992322,0,0.4610183772971242,0.47359154744499127,0.642593205876768,0.35740679412323195,0.4306722396217825
2,0,0.20162732004774453,0.8398148489749215,0,0.553948934721716,0.5499634569845732,0.5357396672964373,0.4642603327035627,0.5227242414699506
0,0,0.1636559428657045,0.5872659700454217,0,0.5397153939973058,0.3716616732283951,0.34790030030546953,0.6520996996945305,0.5211589223067438
2,2,0.16426579793099294,0.6074530103643767,1,0.72911774039776,0.7818826548766503,0.4980299261537282,0.5019700738462718,0.6709901563735606
2,0,0.8145747202313821,1.0,1,0.5230215620396241,0.6066155754355713,0.6392434880162158,0.3607565119837842,0.49679788315299317
1,2,0.6651972206962001,0.44888049186369305,1,0.6389492093559057,0.5997919053416035,0.4420689790813819,0.5579310209186181,0.5988907118720425
0,1,0.5230654247691193,0.6324005857679935,0,0.45040961761001447,0.3810288943580874,0.43966242112508197,0.5603375788749181,0.46392536361433995
1,0,0.3588304841235025,0.6818672533479159,0,0.4998113615656409,0.500639978208754,0.4073545835954743,0.5926454164045257,0.5310322520596401
1,2,0.8772005408131083,0.39464254386950604,1,0.7005756876011906,0.6156096081560823,0.45347571220238914,0.5465242877976109,0.6209031945182946
1,2,0.3924451074226354,0.5020549522333425,1,0.6898168397017768,0.7110417514392486,0.3038705030124092,0.6961294969875909,0.6989960293762053
1,1,0.8165994394715771,0.5635547781996697,0,0.35225419085972737,0.5593129974444614,0.528124647076364,0.471875352923636,0.46114751374260826
1,0,0.4391349085702184,0.7779778457558943,0,0.505488194242698,0.3935100479008511,0.47084783807066055,0.5291521619293394,0.47605013469096286
1,0,0.3769444294249076,0.6224320450122517,0,0.5353127532897723,0.4101064270582594,0.5826350778789521,0.4173649221210479,0.4542613674896932
1,2,0.46267978566960644,0.4516496352454827,1,0.6673016930370996,0.6767569466885204,0.44046499453282184,0.5595350054671782,0.634531215064266
0,0,0.3013778741641421,0.341183714321861,0,0.5480811756325831,0.5146168517761449,0.3528494849847536,0.6471505150152463,0.5699495141413248
2,2,0.7476093801762511,0.6295303060927175,1,0.6925856061538602,0.651360979163432,0.5941858327369864,0.40581416726301356,0.5832535841934353
1,0,0.5027203900924792,0.45788410634635224,0,0.6097390521929893,0.5778655597683662,0.41045749154449074,0.5895425084555093,0.5923823734722883
1,2,0.2322126951468173,0.3148309871661094,1,0.6936855509443051,0.6564964398046921,0.3464551693553601,0.6535448306446399,0.6679089404645456
1,0,0.8995745732745685,0.8159989229418866,0,0.4355954801462039,0.4026972516231607,0.6297263845596869,0.3702736154403131,0.40285544906989257
1,1,0.3838912213732114,0.6669691380024044,1,0.5629372997348931,0.5868977278966687,0.46087542867338654,0.5391245713266135,0.5629865329860585
1,0,0.5435528611139886,0.7469010422898953,0,0.402593492962186,0.5140172914042123,0.6092209168594053,0.39077908314059473,0.43579662250233103
1,0,0.9064721109645469,0.6439495967835334,1,0.534832048638987,0.6598617151467769,0.5557803008187322,0.4442196991812678,0.5463044876556773
2,1,0.6242379959139921,0.7576526639772013,1,0.6534000748345783,0.6073454451068533,0.5653676817215104,0.4346323182784896,0.565125946073307
2,0,0.11689804070836407,0.8113295501617797,0,0.5925675831494339,0.5156619907791223,0.45818919934337365,0.5418108006566263,0.5500134581950609
1,1,0.9398321236134751,0.5281467434420933,1,0.623227035610889,0.6281628536548498,0.44141652681067606,0.558583473189324,0.6033244541516877
2,0,0.6277080530714179,1.0,0,0.47348398403525804,0.4153185011419542,0.6680207612809265,0.33197923871907353,0.4069272412987619
0,2,0.3349056146570861,0.4212267905232757,0,0.5659503157330565,0.4522340677137188,0.3812724980693782,0.6187275019306218,0.5456372951257991
1,2,0.13927207266338726,0.4418307898833723,0,0.571449476007502,0.5540990748366709,0.3369298616308236,0.6630701383691764,0.596206229737783
0,0,0.794025189270296,0.5820911028264826,0,0.4675662774587226,0.263210543771061,0.6143149430174102,0.3856850569825898,0.3721539594041245
0,0,0.6200727559285135,0.5828455563876066,0,0.5031595337522508,0.37918799288696486,0.5436842830682377,0.4563157169317623,0.446221081190326
1,0,0.5334610919763215,0.4991726223552031,1,0.6846166705864856,0.6067051246708319,0.44987686652263337,0.5501231334773666,0.6138149762448947
2,2,0.8938925830509576,0.6646715200530362,1,0.6706549542527254,0.6119088689006374,0.5670871865377417,0.4329128134622583,0.5718255455385405
0,0,0.7885972112245307,0.5106612963226732,0,0.5033570823407981,0.4498846107458287,0.460877522085424,0.539122477914576,0.4974547236670676
1,2,0.15167487973275118,0.36500548698378354,1,0.7429032763086689,0.6577222979721611,0.274656955053936,0.725343044946064,0.7086562064089647
0,1,0.31172206779554823,0.4030621774909594,1,0.7014166518889787,0.6524880668291932,0.3215509893425632,0.6784490106574368,0.677451243125203
0,2,0.24848913981446574,0.5046175666663988,1,0.6224397530561807,0.5800787650390741,0.35154626797922706,0.6484537320207729,0.6169907500386759
0,2,0.743946292572677,0.43847891538396866,1,0.5499679635661557,0.5371187076204949,0.331047589727011,0.668952410272989,0.5853463604865464
0,1,0.03353243473577938,0.3462353444952983,0,0.5846228049806445,0.5489358665104674,0.32560928942120126,0.6743907105787987,0.6026497940233035
2,2,0.5698896848713165,0.7142472466227476,1,0.5914917252857216,0.6800539908881996,0.5219946742762843,0.4780053257237157,0.5831836806325456
0,0,0.7624586857406905,0.7161814122326693,0,0.375140794007411,0.3579902545139263,0.4338328486370348,0.5661671513629651,0.43309939996143415
0,0,0.8767656367617495,0.6801399319674518,0,0.4010555231978136,0.3731623736233702,0.4925375745655229,0.5074624254344771,0.4272267740852203
0,2,0.34208174871590746,0.3401712118636081,0,0.5241194655193288,0.4573419680290229,0.33268334919538634,0.6673166508046137,0.5495926947843217
2,0,0.8212573046720129,0.817432052696644,0,0.45724657724185347,0.4264792735398099,0.7428025943768047,0.25719740562319526,0.3803077521349529
0,2,0.11063173695520723,0.38088550505687974,0,0.4799904414397261,0.4372452889732653,0.3586880682870329,0.6413119317129671,0.5195158873753195
0,0,0.8464522917345182,0.6239937677156269,0,0.43882132588050704,0.30115675656400337,0.4473918956198713,0.5526081043801288,0.4308620622748797
2,0,0.12748866233198242,0.9022681882359715,1,0.6166309510641215,0.8165890347266055,0.5441055702914708,0.4558944297085292,0.6297048051664188
2,2,0.39728729056036727,0.7032459092242338,1,0.6084430666232835,0.7487480268635368,0.423201666904407,0.576798333095593,0.6446631421941378
2,0,0.7972953657795536,0.9846848081098889,0,0.45782730441069824,0.3505996357685803,0.7491342999942533,0.2508657000057467,0.3530975467283417
0,2,0.14991742734877378,0.26146822157882055,1,0.7534462976728042,0.6005199554862636,0.22737184798506835,0.7726281520149316,0.7088648017246664
2,0,0.22925139523264149,0.9546645460866967,0,0.4102975034322781,0.5179169991363334,0.5961052636739467,0.4038947363260533,0.4440364129648883
2,0,0.7222525683930663,0.8919852173085466,0,0.4220429390398186,0.4776966273345937,0.7222232828286335,0.27777671717136654,0.39250542784859294
0,1,0.7200365365460744,0.679529740917134,0,0.38568030658088737,0.3711573721510558,0.4475062243278389,0.5524937756721611,0.43644381813470146
2,1,0.6411476328852973,0.695195981479573,0,0.4803312872121552,0.49651549900618613,0.514875030121017,0.485124969878983,0.4873239186991081
0,2,0.6939484444671,0.5429912247632349,1,0.6091815302209069,0.5247056674729943,0.38780966778173526,0.6121903322182647,0.5820258433040554
1,1,0.5427244433475962,0.6240635226810245,0,0.4988171919222929,0.4752511623360002,0.5605466658574126,0.43945333414258736,0.47117389613362687
2,2,0.25179905890695276,0.5600381055292506,1,0.6935829203849989,0.7440692368635194,0.3598139867209759,0.640186013279024,0.6926127235091807
1,1,0.34569599350391944,0.5361810159449598,1,0.5543829776457824,0.5435062081559129,0.26110092390354744,0.7388990760964526,0.6122627539660493
0,0,0.18159771680142567,0.48612504086071057,0,0.5677736175721055,0.4451870322398916,0.3505192268579771,0.6494807731420229,0.5541471409846733
2,2,0.9084505613336283,0.7332616507735545,1,0.5272135288918971,0.5751001982335603,0.6138331194276567,0.3861668805723433,0.4961602025659335
0,2,0.5833917947661205,0.410622728280162,1,0.6214706335526557,0.5860978735034507,0.42070867518590815,0.5792913248140918,0.5956199439567328
1,0,0.4008514167636399,0.6327151412825062,0,0.5339691628367937,0.6229819947979071,0.46678418679502787,0.5332158132049721,0.5633889902798909
0,2,0.4620058036441327,0.343765121138315,1,0.7187028130860248,0.6269921065518407,0.3018590765323143,0.6981409234676856,0.6812786143685171
2,2,0.9472833396118153,0.908955369822368,1,0.46714403513615244,0.5534106724823703,0.70247414860127,0.29752585139873,0.4393601863390842
2,1,0.1533514031160802,0.8880894573216792,1,0.46726241470084695,0.7156655423945133,0.42594246267914476,0.5740575373208552,0.5856618314720717
1,2,0.5862298320167972,0.552255350169083,1,0.6348928889852802,0.6457229769761741,0.42418504109409405,0.575814958905906,0.6188102749557868
0,0,0.505888678884466,0.5543892157052667,0,0.573119926475516,0.4217007791301395,0.4517212610405028,0.5482787389594972,0.5143664815217176
2,1,0.6114542354346478,0.773148556215291,1,0.6688573272389198,0.6736808823548031,0.5761236382440361,0.4238763617559639,0.5888048571165623
1,1,0.01811018382084051,0.6131628156551258,0,0.5747231076851095,0.6273632522691948,0.40117503761011963,0.5988249623898804,0.6003037741147281
2,0,0.8721239089441515,0.7849331343745746,0,0.45272585951161015,0.4025674255667624,0.6480205772392871,0.3519794227607129,0.40242423594636184
2,0,0.9321182824836124,0.8674741745060268,1,0.5869020492316962,0.6049588663160325,0.5056436270537005,0.4943563729462995,0.5620724294980094
0,1,0.5651331835892089,0.289654910971162,0,0.5079128983645069,0.4134512337274275,0.3387540302130375,0.6612459697869625,0.5275367006262989
2,2,0.6966508238768923,0.7095873946482172,1,0.6412765876856565,0.6767806847898311,0.5700492776037224,0.42995072239627763,0.5826693316239218
0,1,0.9224993811772957,0.5569695320880037,0,0.4659327102142006,0.3041233656624189,0.4563510650902614,0.5436489349097386,0.4379016702621194
2,0,0.7072386343133986,0.8224052172014025,0,0.5355650667831833,0.4486617189017873,0.6357565713869103,0.36424342861308967,0.44949007143268677
1,1,0.15253904291426135,0.7226525806204295,0,0.6559333234679989,0.46627767398328596,0.5020202556634029,0.4979797443365971,0.5400635805959606
2,0,0.5762883601668132,0.7350522697164472,1,0.6414762814273228,0.7058731653181061,0.5198314748970679,0.48016852510293206,0.609172657282787
0,1,0.6067150463828559,0.31423401661730355,0,0.5196101090911482,0.49455841247685206,0.393800650492448,0.6061993495075519,0.5401226236918507
0,2,0.424130671302386,0.3648582489862358,0,0.5468507425642909,0.3956038883748354,0.32494044712699804,0.6750595528730019,0.5391713946040427
1,1,0.7364442356247228,0.7283542538236878,0,0.3693955050459654,0.41228483381910375,0.5586423475060124,0.4413576524939876,0.4076793304530189
2,1,0.9343670147690148,0.9618294706226884,1,0.483278800781839,0.5219395978345875,0.6892147018816198,0.3107852981183802,0.4386678989116022
2,0,0.9255685129067763,0.8466684250037836,1,0.5329784993025322,0.5243394266664743,0.6306844524855733,0.36931554751442675,0.4755444911611444
1,0,0.4508393714041321,0.8029520204835429,1,0.5378260368177943,0.5643104177893998,0.4691849483774859,0.5308150516225141,0.5443171687432361
2,0,0.11323804584075525,0.8074729576340048,0,0.554052051727409,0.5291190556678173,0.5504384143808544,0.4495615856191456,0.5109108976714573
2,1,0.9848411989623346,0.7812213899021516,1,0.526028466514011,0.717849532966258,0.6478230863468266,0.3521769136531734,0.5320183043778142
0,2,0.8388980864459341,0.4722558023932607,1,0.6304849840036519,0.5529162702962076,0.3150143897559944,0.6849856102440056,0.6227956215146216
2,0,0.12466268120326685,0.8776985559616687,0,0.5242345183370825,0.45673496422747895,0.6199626722167856,0.3800373277832144,0.4536689367825919
2,0,0.9208418826173723,0.7344449725633123,1,0.5871173039123383,0.5876490307365401,0.571647037227546,0.42835296277245405,0.5343730991404442
1,1,0.8698963620621283,0.7846436711788024,1,0.5112225266145006,0.580520683529314,0.5771520523249715,0.42284794767502853,0.5048637192729477
1,0,0.5188380571260721,0.8398929411273524,0,0.453907846142136,0.5121883365065295,0.629655937089378,0.37034406291062205,0.4454800818530959
0,2,0.5912754357449292,0.29657127342354,1,0.6931559876318267,0.5256049637428255,0.25907901252727805,0.740920987472722,0.6532273129491247
2,2,0.39900270387013026,0.679480623730754,1,0.6128990317082157,0.5982533003459437,0.4582225425783684,0.5417774574216316,0.5843099298252638
2,0,0.05476163882203133,0.8548791825104771,0,0.5051542569108909,0.6332570664823259,0.5302505657826625,0.4697494342173375,0.5360535858701847
2,0,0.3351972416459009,0.8595871007469809,0,0.49341784417248247,0.524360264684292,0.5489680404147579,0.4510319595852421,0.4896033561473389
0,1,0.8028534485980114,0.42525482947525917,0,0.4248446601239604,0.35392924220560545,0.5347512949241199,0.4652487050758801,0.414674202468482
0,2,0.004632023004602859,0.23330086550665508,1,0.6885836450614682,0.7178503951689057,0.17784645841134733,0.8221535415886527,0.7428625272730089
1,2,0.3334991716911442,0.48079451006996987,1,0.6486006861326616,0.5379940849287264,0.35648588980031926,0.6435141101996807,0.6100362937536895
0,0,0.3981686935909433,0.6570897712850308,0,0.5067756582910328,0.38811608927768715,0.46707168700429963,0.5329283129957003,0.4759400201881401
2,1,0.5373956029379229,0.8080995757532357,1,0.6169586334303331,0.6598786923512947,0.49293173686285474,0.5070682631371453,0.5946351963062577
2,2,0.9198556164127605,0.6549241284326656,1,0.6212166953973014,0.6820998008991939,0.5446715454039006,0.4553284545960994,0.5862149836308649
0,2,0.34634599436596125,0.4118044705014306,1,0.6843689575213733,0.5547925654361,0.3413659033678321,0.6586340966321679,0.6325985398632138
2,1,0.3469532018962277,0.44984105812661523,1,0.7234837729524228,0.7601897093109669,0.4003522775032932,0.5996477224967067,0.6944404015866988
2,1,0.7375012481097484,0.8886266948481854,0,0.47918510923101404,0.40307194521180445,0.6525438527259203,0.3474561472740797,0.4099044005722994
0,2,0.45221794088980716,0.1712504162111707,1,0.6982419934010432,0.6656904308241464,0.24274121037440377,0.7572587896255962,0.7070637379502619
0,2,0.22460482293998196,0.286216388153685,1,0.7049427187298777,0.6067260080906296,0.19383212442806444,0.8061678755719356,0.7059455341308144
2,1,0.4524395161326934,0.633276962150655,1,0.635635026860955,0.676982975568402,0.5039286766320624,0.4960713233679376,0.6028964419324315
2,2,0.14085702037979986,0.4846175544658895,1,0.6185881737084317,0.7221519991984402,0.4842604729790989,0.5157395270209011,0.618826566642591
2,0,0.1763869865062233,0.9337213773884743,0,0.4955309300235202,0.5379600293633174,0.5874945427316477,0.4125054572683523,0.48199880555172997
1,0,0.49836777273947974,0.6530666571427588,0,0.5753806323882215,0.49985175881840593,0.5219383689161271,0.4780616310838729,0.5177646740968335
1,1,0.4189254495045479,0.6265429331235264,0,0.566455345224567,0.46136218428070197,0.5254378351185831,0.4745621648814169,0.5007932314622286
1,1,0.9148459010681,0.6367925322188916,1,0.615747524457081,0.5629322585651064,0.4547981199985476,0.5452018800014524,0.5746272210078799
0,1,0.3623938991166331,0.48394347263397547,0,0.5803841043884548,0.3630972932158329,0.4846678595641679,0.5153321404358321,0.48627117934670655
1,0,0.5805883502780435,0.7157410241338299,0,0.48165173728011856,0.41641030953283786,0.5519269996029955,0.4480730003970045,0.4487116824033203
0,2,0.6322642879195304,0.23492720637309608,0,0.5761611946663979,0.46288625300429503,0.44691065005431385,0.5530893499456861,0.5307122658721264
0,0,0.013094456588333636,0.6009361276035474,0,0.4875271212883848,0.5792342878600119,0.34559335699311483,0.6544066430068851,0.5737226840517605
1,2,0.6635373720167106,0.4669780788855399,1,0.6277491963313145,0.5780326443479016,0.5205271255960598,0.47947287440394015,0.5617515716943854
1,0,0.17803596686975143,0.5121454068210001,0,0.609341338755282,0.6038081942080017,0.4591067917785019,0.5408932082214981,0.5846809137282606
1,2,0.9610703174694551,0.5032955156503542,1,0.663098535416389,0.6386906216643671,0.5128012066081425,0.48719879339185745,0.5963293168242045
2,0,0.14866272775311296,0.9649422518387424,0,0.488678737889016,0.5149567299344476,0.603483307432247,0.396516692567753,0.4667173867970722
1,1,0.41462412372702373,0.6764845865840516,0,0.48308274840951154,0.549054982716501,0.49271256363054655,0.5072874363694535,0.5131417224984887
2,0,0.08534966807864386,0.7736697533670784,0,0.5593905051248419,0.5749458751191363,0.5849299591456137,0.41507004085438626,0.5164688070327882
0,2,0.9968742518459474,0.36476165475275185,1,0.6209444158360354,0.5586426358736949,0.41597762769512003,0.58402237230488,0.5878698080048701
2,0,0.5021950103312426,0.818055995911386,0,0.4321709593867828,0.49256656713152713,0.5023925651437445,0.49760743485625547,0.47411498712485517
1,0,0.5953850173200438,0.9172133000880884,0,0.3004884605847072,0.440428917020504,0.548612419539083,0.451387580460917,0.39743498602204275
0,0,0.06707647738842748,0.5449011929619981,0,0.5022951518979786,0.5105489861634332,0.36423954188722624,0.6357604581127738,0.5495348653913953
0,1,0.7499604703991778,0.5180002117590248,0,0.4085682681366668,0.3492208262375318,0.48339408324586186,0.5166059167541381,0.42479833704277886
0,0,0.20990559309558576,0.6240189047127429,0,0.466396759394253,0.3528442429204056,0.415862085933166,0.584137914066834,0.46779297212716414
2,1,0.8980542894407137,0.8136843448467228,1,0.5587002516610381,0.5886633671856507,0.6697619863598071,0.3302380136401929,0.4925338774956273
1,1,0.20513964048200717,0.5446097494661305,0,0.5434406906608095,0.47922887755574417,0.33659877771020896,0.663401222289791,0.5620235968354482
0,0,0.19068772066366657,0.4994337871578689,0,0.6037244685098099,0.44908279800012496,0.3856126910721687,0.6143873089278313,0.5557315251459221
0,0,0.03654966784809488,0.49649484084340306,0,0.5637338191922856,0.5333622363815848,0.2635319411608774,0.7364680588391226,0.6111880381376643
0,0,0.47206694510999925,0.5434844708600157,0,0.5047716822115367,0.3846157661174566,0.47184099779871297,0.528159002201287,0.4725154835100935
2,2,0.5648411332626164,0.7292470676899597,1,0.6558521235689204,0.6577661280204173,0.5287773545742802,0.4712226454257198,0.5949469656716858
2,0,0.06570863942835237,0.8117654525235652,1,0.5929578444110567,0.7020747368781263,0.5043664302725284,0.49563356972747163,0.5968887170055516
1,1,0.7755276166950106,0.7008167693910591,0,0.5141577968841946,0.45415403775909813,0.5233800252920809,0.47661997470791906,0.48164393645040393
2,0,0.4532888347480276,0.8372572254639447,0,0.4997057345592407,0.3839465667650203,0.6631437394342752,0.3368562605657248,0.40683618729666193
0,2,0.52439026932758,0.360302545964367,1,0.6729942401399924,0.5666625164513338,0.3888355373913897,0.6111644626086103,0.6169404063999788
1,0,0.44076274693822814,0.49425620624061206,1,0.6040540017819858,0.6641086034212332,0.43356848906351225,0.5664315109364877,0.6115313720465688
0,2,0.400763060875326,0.43170907355778076,1,0.55272303354433,0.6539851121268587,0.33315131885546106,0.6668486811445389,0.6245189422719092
0,2,0.5596403313082179,0.39061288072062106,0,0.5677465855542433,0.41059481768754824,0.43012277817717565,0.5698772218228243,0.5160728750215386
2,0,0.1552402459307125,0.9153250355790366,0,0.5286989410380936,0.41871227629146157,0.5425389191639504,0.45746108083604964,0.4682907660552016
1,1,0.18192813049527112,0.27856727523015823,1,0.7031344266635499,0.7695123778313347,0.34363718509437374,0.6563628149056262,0.7096698731335036
2,2,0.8617856210135173,0.8950160325794246,1,0.501833474061086,0.5510635978922404,0.7102466976420511,0.28975330235794894,0.44755012477042505
2,0,0.9461154621336327,0.880652583397846,0,0.4974644179880214,0.36681966573998454,0.739643622338358,0.260356377661642,0.3748801537965493
1,0,0.37330931627975295,0.798149213301727,0,0.41375370973814024,0.4044483092353367,0.4989610379421105,0.5010389620578894,0.4397469936771221
0,1,0.27074467314355377,0.3230838746018023,0,0.658134017967902,0.4775134026895304,0.35560772921572886,0.6443922707842711,0.5933465638139012
0,2,0.6439995432390158,0.42567734483015857,1,0.5628658054946575,0.5360634853768679,0.3096460577469676,0.6903539422530325,0.5964277443748526
1,2,0.4087341710980964,0.385531860792444,1,0.7253866209328763,0.574290631415164,0.3955891994612314,0.6044108005387686,0.6346960176289363
0,0,0.02538635566034486,0.440161739496454,0,0.54898191879758,0.5317665122910017,0.35838664584111485,0.6416133541588851,0.5741205950824889
1,0,0.15615259736619036,0.8570183951232977,0,0.5074385932805088,0.5107508415991688,0.4270375911653097,0.5729624088346903,0.5303839479047893
1,1,0.7159722288473975,0.6025289828084052,0,0.47043838216702916,0.4760271864031862,0.4700653369740129,0.5299346630259871,0.49213341053206755
2,1,0.6589239419101514,0.7876356815089874,0,0.4896772560526739,0.4271359230722942,0.6009723509020306,0.3990276490979694,0.4386136094076458
1,2,0.02709599250348349,0.5397163723192238,1,0.6874214478236707,0.6817448111224002,0.3409363232142484,0.6590636767857516,0.6760766452439407
2,2,0.22197216193294944,0.6717654049905555,1,0.6261637895204647,0.7150959235589344,0.40435159901616885,0.5956484009838312,0.6456360380210767
0,0,0.2310747965880714,0.5381493701731648,0,0.5524889265602497,0.46767340134423574,0.4155549670077694,0.5844450329922306,0.5348691202989053
0,2,0.6718927435987284,0.40368537460649534,1,0.5860444349345992,0.6018685515524327,0.3844632043687835,0.6155367956312165,0.6011499273727495
0,1,0.019710537754364155,0.642312612299264,0,0.49390516676778345,0.4003478924557355,0.38593690775400785,0.6140630922459922,0.5027720504898371
0,1,0.10410858198457384,0.40464897849509884,0,0.5184769795225874,0.4904445033587544,0.2992214058382976,0.7007785941617024,0.5699000256810147
2,0,0.7999160853731894,0.9001015132088157,0,0.32186125456027076,0.4618487116837754,0.7224532230894513,0.27754677691054874,0.3537522477181983
0,1,0.1785446620543336,0.5229199058061946,0,0.5157181739226997,0.5206357802092696,0.4664280267044232,0.5335719732955768,0.5233086424758487
1,1,0.6527461078518747,0.7258272040809859,1,0.6876079990711625,0.6054389930287646,0.4814820032097501,0.5185179967902499,0.6038549962967257
1,1,0.23818278104672652,0.6925213086607107,0,0.5576555436920153,0.5177405734779911,0.4528754638974812,0.5471245361025188,0.5408402177575083
1,1,0.09944139275934516,0.623817161478853,1,0.6519476932936898,0.6663040738956333,0.4166217406281575,0.5833782593718425,0.6338766755203885
2,0,0.24317219099945409,0.7100167278268972,0,0.549533221091572,0.6238381123835164,0.5115793780106379,0.4884206219893621,0.5539306518214835
0,0,0.7222669318556592,0.7355698464156756,0,0.4082256475303337,0.3499236463713768,0.5220411336698898,0.4779588663301102,0.4120360534106069
0,2,0.8556964681062857,0.27093510750875976,1,0.6605057766955039,0.5365282514413773,0.3966176600548044,0.6033823399451956,0.6001387893606923
0,1,0.8302198645669916,0.5132855329806025,0,0.40395171288367776,0.4422207315130699,0.38305083520386485,0.6169491647961352,0.4877072030642943
2,2,0.3971835296184548,0.5642907679599097,1,0.7467105013836252,0.7561604480827594,0.5247798760733746,0.4752201239266254,0.6593636911310033
1,0,0.6680851365706462,0.7103946789977654,0,0.5058421484156679,0.4000789128056569,0.5569652004013935,0.4430347995986065,0.44965195360664373
1,0,0.20498429541582097,0.7033746705719301,0,0.5543984555722355,0.4555835685371567,0.46118538825584315,0.5388146117441568,0.5162655452845163
0,0,0.29314773026101326,0.5614504945711286,0,0.5241738655430465,0.43928842598293427,0.40794560019941817,0.5920543998005818,0.5185055637755208
1,0,0.8963358185211198,0.7818256572756405,0,0.4267995538498953,0.4001425272219347,0.6071195377118861,0.3928804622881139,0.4066075144533146
1,0,0.013001923510736035,0.8126713192569384,0,0.5385414736701859,0.4851365526460374,0.3991916191314456,0.6008083808685545,0.5414954690615926
2,0,0.08550853085446808,0.8539042832368449,1,0.6648685686305685,0.7018283391603969,0.5737444759718855,0.4262555240281145,0.5976508106063599
2,0,0.20788625514602732,0.7963729619855379,0,0.5225974503426847,0.6209582776149114,0.5521611084810963,0.44783889151890366,0.5304648731588332
2,1,0.026532203873819715,0.7990619372162178,1,0.6289481098029075,0.7606278088428314,0.49584851826830706,0.504151481731693,0.6312424667924773
2,2,0.18143543508979731,0.7370905924014439,1,0.6658220935336864,0.7134868792521145,0.525919981512605,0.474080018487395,0.6177963304243986
0,0,0.5830415609696922,0.43554337458327,0,0.5884838391028091,0.4682146980761936,0.36706112364241983,0.6329388763575802,0.563212471178861
2,1,0.42142455059249795,0.8018824620442357,1,0.5553374525447844,0.6073322432414643,0.5574520161539069,0.44254798384609306,0.5350725598774473
1,1,0.8926717110769748,0.7093844453387874,0,0.37454123200304434,0.41542963583340664,0.5733340357182428,0.4266659642817572,0.40554561070606937
0,2,0.8174435617384409,0.35198800583784484,1,0.6208972841366283,0.6543750886185814,0.4205514747729443,0.5794485252270557,0.6182402993274217
1,0,0.34181735169787597,0.8217524165009495,0,0.4718369249727284,0.4226415189013988,0.4314369566873915,0.5685630433126085,0.48768049572891187
1,2,0.2594234334312925,0.4609367846398766,1,0.6944437044834281,0.6412532953973215,0.36223983539459337,0.6377601646054066,0.6578190548287187
1,0,0.3796924081672669,0.7005268861638809,0,0.514070353229534,0.42670074504930466,0.4769708942850561,0.5230291057149439,0.48793340133126084
2,1,0.5902949425148077,0.7417223118230939,0,0.5072936994698508,0.4492523770753303,0.6126740824558571,0.3873259175441429,0.447957331363108
2,1,0.26806364082287626,0.7283642688404345,1,0.729177527195686,0.6565032004847611,0.5122210361439719,0.48777896385602815,0.6244865638454917
0,1,0.624148907849134,0.35278738209539323,0,0.4517036956626429,0.4183798806047541,0.3640772560648868,0.6359227439351132,0.5020021067341701
0,1,0.4094116521912404,0.2969360769596946,0,0.5285531604539553,0.4063582315381954,0.3148838777077923,0.6851161222922078,0.5400091714281195
2,2,0.5520471808519802,0.8146552244076953,1,0.595235976585041,0.6408714488933187,0.5516703760222391,0.4483296239777609,0.5614790164853735
1,0,0.4361265291353167,0.6089165180816989,1,0.5415529511042503,0.6705495456726696,0.39326182342904675,0.6067381765709532,0.606280224449291
0,0,0.29446575954191767,0.43030734100856105,0,0.5326685015216363,0.4116994645954836,0.41536125100646226,0.5846387489935377,0.5096689050368859
2,2,0.9484533069621567,0.4795063193358443,1,0.7443762817894318,0.7522732195126687,0.4976595318227045,0.5023404681772955,0.6663299898264653
2,0,0.7636057941597608,0.8124644046470259,1,0.5809444236047142,0.640790807965452,0.4429307795519898,0.5570692204480102,0.5929348173393921
2,1,0.14011317576645255,0.5817023382358956,1,0.7230130262385202,0.7992898636302547,0.4067865750046463,0.5932134249953537,0.7051721049547095
1,0,0.8684679758979128,0.9010483136034282,0,0.3298304700705512,0.31763003679878654,0.5886574994235168,0.41134250057648325,0.35293433581527367
2,1,0.48743119824951364,0.8497248287592148,1,0.5655213611453103,0.6818033103735855,0.4764683375921443,0.5235316624078556,0.5902854446422505
2,2,0.8945522268940914,0.6206401881716369,1,0.6055929018429029,0.5928969907100342,0.4885035585744762,0.5114964414255239,0.569995444659487
2,0,0.7998552559473152,1.0,1,0.5041287195674568,0.6085297443281477,0.6554487119837458,0.34455128801625423,0.48573658397061953
2,2,0.42521350446923345,0.7406978991460829,1,0.69935146955944,0.6823918716668479,0.5824234368266215,0.41757656317337855,0.5997733014665555
0,0,0.022469308320117398,0.4697637924811495,0,0.5847084844598995,0.5075252958805376,0.3599587576856115,0.6400412423143885,0.5774250075516085
0,1,0.2686773593849461,0.17692716445113732,1,0.6644812168793126,0.6147471954797795,0.21305458383229614,0.7869454161677039,0.6887246095089319
2,2,0.5416342146608669,0.8832576787251609,1,0.5931845138379652,0.5794359824455755,0.5990176455752134,0.4009823544247866,0.5245342835694424
1,0,0.6334782198261473,0.574390575306255,0,0.5392460928503481,0.4902463807069678,0.48438439005484907,0.515615609945151,0.5150360278341556
0,1,0.2578876854332023,0.26124889384763106,0,0.6528440152284538,0.4563238540748979,0.2823278025111125,0.7176721974888876,0.6089466889307464
2,2,0.13935607407282413,0.7161926506082466,1,0.7502336317386622,0.7373894230641556,0.40804307288174846,0.5919569271182515,0.6931933273070231
0,2,0.8349302367992991,0.6274682643138572,1,0.47751178743451944,0.4245844151826075,0.37588857447646606,0.6241114255235339,0.5087358760468869
0,0,0.9844021807035521,0.736867499921407,0,0.33995665639270567,0.34006357396855535,0.5492243917539826,0.45077560824601737,0.3769319462024261
1,0,0.5256901823026858,0.7589599302355046,0,0.4068641097533492,0.3655510298263761,0.5544441809120608,0.4455558190879392,0.4059903195558882
2,0,0.1716792858483035,0.8766433627513589,1,0.6081380696344127,0.69785264189434,0.5139137182019087,0.4860862817980913,0.5973589977756147
2,1,0.27230732651936895,0.8125722885299678,1,0.6523154995113895,0.7054615953674839,0.4938194391395278,0.5061805608604721,0.6213192185797818
1,0,0.018390676547466733,0.7277319266334232,0,0.5792080801846814,0.46102154623446945,0.41379087643730783,0.5862091235626922,0.5421462499939477
1,2,0.914298806560499,0.5695490230529875,1,0.5839078612459278,0.6069982158037295,0.5284218374842196,0.47157816251578044,0.5541614131884792
2,2,0.11775108289014113,0.6221952186842018,1,0.6855739499429832,0.7533431785488104,0.3684646320414525,0.6315353679585475,0.6901508321501137
2,0,0.5765164755142536,0.8513923347614731,0,0.49451855163256964,0.4510278464382843,0.6606965674477537,0.33930343255224626,0.42828327687436674
1,0,0.274055220687206,0.6020090631820529,1,0.6002346138951623,0.5961833735182115,0.36160015111136057,0.6383998488886394,0.6116059454340044
0,2,0.5541780025157934,0.3273502925649019,1,0.7508540480636887,0.5035297819732504,0.29371002627918785,0.7062899737208121,0.653557934585917
0,1,0.6514203883518642,0.2958463574156479,1,0.5657210025842162,0.615350466408849,0.2631277059466902,0.7368722940533098,0.639314587682125
1,0,0.8297418037072016,0.7231402176912451,1,0.5593207832666925,0.4714057905642217,0.506333228519172,0.49366677148082805,0.5081311151039142
0,0,0.2064212717606032,0.42178301646096855,0,0.654003278847131,0.4745509032455509,0.40626371862628,0.5937362813737199,0.5740968211554672
1,2,0.010995828658480478,0.340740651144271,1,0.7470182140188706,0.7303229269708021,0.31965297406425125,0.6803470259357487,0.7192293889751404
0,0,0.13688563006880727,0.5316779781222285,0,0.517306091806376,0.48461136863309573,0.42895734354839143,0.5710426564516086,0.5243200389636934
0,1,0.9000186418481051,0.6292020928192704,0,0.4033652368288869,0.3195949647989166,0.5498705514196938,0.45012944858030624,0.3910298834027032
2,2,0.8738900775625152,0.779220668356483,1,0.5698252076486832,0.5938556342860228,0.5396662207148037,0.46033377928519625,0.5413382070733007
2,0,0.5974131021703083,0.7026912498547131,1,0.6980937385603818,0.6992311504902995,0.5138798790655824,0.4861201209344176,0.6278150033283664
0,2,0.6005168604336534,0.2610888723863316,0,0.4510285566742598,0.47941866010558454,0.32939423432507436,0.6706057656749256,0.5336843274849233
0,0,0.6650366745462555,0.6605807862534472,0,0.5119937817341566,0.3708582003502265,0.5644584822599246,0.43554151774007543,0.4394644999414861
2,0,0.1753712786234496,0.7192883885085141,0,0.4954784979625935,0.5825967289284839,0.4622527760247561,0.5377472239752439,0.5386074836221071
2,0,0.9144119459249598,0.8689778795927936,1,0.5345328250679451,0.5062474904304511,0.6725400402360376,0.32745995976396236,0.45608009175411945
2,1,0.4187705248920731,0.7968822623916625,1,0.5975960477783608,0.6983664054143847,0.5765279509567482,0.42347204904325175,0.5731448340786657
1,1,0.38313852824949746,0.4914794073385862,0,0.5936699884620105,0.5417769644760939,0.5363956115248049,0.46360438847519514,0.5330171138044332
0,2,0.5189177052828375,0.36242932114287973,1,0.5594732155346649,0.5462883886515147,0.31608212250381473,0.6839178774961853,0.5965598272274549
2,0,0.046965966775055046,0.6712940471856852,0,0.617023822470886,0.574336548506862,0.524049217150972,0.47595078284902803,0.5557703846089254
0,0,0.1662833687560794,0.45649157248048655,0,0.6476396725445888,0.46395773824776726,0.4759725688845,0.5240274311155,0.5452082806359521
1,1,0.7380336164263704,0.6557815550568907,0,0.4113034716106552,0.4207657380445261,0.516557425134338,0.483442574865662,0.43850392817361444
1,0,0.08279866792512647,0.4989804934393458,0,0.6015112935562034,0.562012034817575,0.32536193584395473,0.6746380641560452,0.6127204641766079
2,1,0.6031521094663882,0.8043626847426788,1,0.565276874740727,0.7080994147699229,0.4677811201473737,0.5322188798526263,0.6018650564544253
1,0,0.24534910968132095,0.672571131075464,0,0.5449881100188805,0.5365036604530169,0.5142093072179039,0.4857906927820961,0.5224274877513312
0,2,0.38929561404197655,0.39417855684591246,0,0.5437742604128161,0.3891289274319143,0.282490398757141,0.717509601242859,0.5501375963625298
2,0,0.28869373677069987,0.8512607870835361,1,0.5836780447456537,0.6936450543319345,0.5100663439937697,0.4899336560062303,0.5890855850279394
0,0,0.35567271646494913,0.6719813146438793,0,0.4872319482038949,0.45577061134000674,0.4768109612148542,0.5231890387851458,0.48873053277634915
0,1,0.7190459051842455,0.4844270407832153,0,0.572984702735948,0.4119481572165468,0.46244377485409716,0.5375562251459028,0.507496361699466
1,0,0.297121715623175,0.6367716174497923,0,0.5197111536163798,0.5397015110220693,0.49687198578762254,0.5031280142123775,0.5208468929502755
1,0,0.5664046402968972,0.7188702143329181,0,0.513686368777844,0.5329274118661811,0.5517362531344527,0.44826374686554726,0.4982925091698575
1,1,0.47605040219909966,0.6519348431235488,1,0.5421508589494672,0.6610757182605698,0.5209313039325992,0.47906869606740077,0.5607650910924793
1,2,0.6636711653626481,0.5212531235688354,1,0.5794351275521842,0.6325116090463597,0.398310792838108,0.601689207161892,0.6045453145868119
1,2,0.936829739324758,0.5477421430528641,1,0.6156146970456838,0.6328993192220507,0.4609973468916464,0.5390026531083536,0.5958388897920294
2,1,0.7325720972102503,0.7030580409403495,1,0.6900311794236683,0.6535712297545272,0.5121702546001012,0.48782974539989876,0.6104773848593648
0,1,0.21494037859075676,0.35520394610398087,1,0.689725445749013,0.6366013202073618,0.3303118312129383,0.6696881687870617,0.6653383115811454
0,1,0.031183135061284672,0.2628577863261591,0,0.6023714490698661,0.5129728654254194,0.3285547355767936,0.6714452644232064,0.595596526306164
0,1,0.2622640442998251,0.6011840787486765,0,0.49338294221658213,0.4964029629384573,0.4422560962355021,0.5577439037644979,0.5158432696398458
0,1,0.5950779307002548,0.33512146953089705,1,0.5774353793722193,0.553888847636145,0.39897281380880373,0.6010271861911962,0.5774504710665201
1,2,0.05142581348425035,0.38585206156883434,1,0.7593275664986929,0.8039842732235871,0.2545674471244688,0.7454325528755312,0.7695814641992703
0,2,0.49636624720123634,0.2777958981632039,0,0.6111412589470856,0.49598028198206917,0.44115491210670355,0.5588450878932965,0.5553222096074838
2,1,0.5968428489168892,0.8491767225861331,1,0.5629581816908171,0.556119368743343,0.6504413751989861,0.34955862480101385,0.489545391745058
2,0,0.3342438908169608,0.8039294212524933,0,0.5018946771545808,0.5372908424384124,0.6080965098605795,0.3919034901394205,0.4770296699108046
0,1,0.7709122037458219,0.6018654276419556,0,0.45564306281543354,0.2520228532574312,0.585286404293013,0.41471359570698696,0.3741265039266172
0,0,0.1065982531337718,0.4433107628889903,0,0.5345109590178959,0.5076559197432516,0.2661518064528742,0.7338481935471258,0.5920050241027578
2,1,0.07513778173580876,0.7354131943959612,1,0.6685556327763396,0.7613917417421622,0.43567221876602713,0.5643277812339729,0.6647583852508249
2,1,0.7281887562036033,0.6892841702943847,1,0.7253819627496499,0.6206785088993688,0.5092483914847583,0.4907516085152417,0.6122706933880868
1,2,0.49549131620619846,0.7140640443979587,1,0.5738803700226928,0.5982024157535456,0.5146168769381845,0.4853831230618155,0.5524886362793513
2,0,0.688402396427736,0.7500803977398224,1,0.5882186334342185,0.7375794846812305,0.5057774418059999,0.4942225581940001,0.6066735587698163
1,0,0.4348273386037462,0.7244648048830774,0,0.4568007343929442,0.4214171829336843,0.5604382997223594,0.43956170027764063,0.43925987253475635
1,2,0.2464020332391068,0.5380178914171205,1,0.70116402782595,0.6129819038041969,0.45689247961083784,0.5431075203891622,0.6190844840064363
1,2,0.8191023176741997,0.5732901415125699,1,0.587041517117904,0.6624683566240834,0.5196125351091009,0.4803874648908991,0.5766324462109621
1,2,0.7994158789689793,0.5114128220091271,1,0.5841659135842927,0.7043462485479804,0.47752377963116005,0.52247622036884,0.6036627941670377
1,2,0.6946964708544268,0.5064875771121001,1,0.6946492813945778,0.620199312811836,0.3967570767167566,0.6032429232832435,0.6393638391632191
0,0,0.2721451372299627,0.5315956609209072,0,0.5842869382264134,0.4850168200725955,0.3579579205544983,0.6420420794455017,0.5704486125815036
2,0,0.5902306668690871,0.8443228665240599,1,0.557658895068938,0.6951653991212386,0.6343124052524145,0.3656875947475855,0.5395039629792541
1,1,0.3609738969400268,0.6824853013734937,1,0.5158300223259185,0.578937595396904,0.48785912514831875,0.5121408748516812,0.5356361641915012
2,1,0.09158207332663415,0.9302105074917986,1,0.6621543249116432,0.6421922325594609,0.5208494872776576,0.47915051272234244,0.5944990233978156
2,2,0.9173135754622428,0.6359821790454411,1,0.5832424974521431,0.7024705518409073,0.5374962127446742,0.4625037872553258,0.5827389455161254
1,2,0.1368186309189614,0.32670156513398835,1,0.7778389473260457,0.816157086941653,0.20724287052247187,0.7927571294775282,0.7955843879150756
0,2,0.9502373538208024,0.38619553054695477,1,0.4906124145682414,0.5675666779134828,0.35485164130298485,0.6451483586970151,0.5677758170595798
1,1,0.44600577295795574,0.8525715110612275,0,0.49425783630080156,0.3693457118046357,0.6582432736190478,0.3417567263809522,0.4017867581621298
0,1,0.18513292883861965,0.33814583608688886,0,0.5194843598260324,0.5926006451026155,0.2651909116017363,0.7348090883982636,0.6156313644423038
2,1,0.5419009473783581,0.9181017752822427,0,0.5069175786308175,0.4388978976034381,0.6461896657524806,0.3538103342475194,0.43320860349392504
0,1,0.8729458358764083,0.6550646649952849,0,0.4168996703055954,0.31472344438743716,0.5778334735398066,0.42216652646019337,0.38459654705107527
0,1,0.7322248864095612,0.4178636644701567,0,0.4537214410481646,0.4247839892377945,0.37244669890236654,0.6275533010976335,0.5020195771278643
0,1,0.8065611478614497,0.5375544227046726,1,0.5377257427561142,0.5965320776161965,0.44148602272967347,0.5585139772703265,0.5642572658808791
2,1,0.6587833667107174,0.9287179989839256,1,0.5898221864815855,0.6414652950763438,0.6543286815773179,0.34567131842268206,0.5256529333268704
2,2,0.6922765645178525,0.6313148823530367,1,0.6466726014980654,0.689841366687694,0.5238609154789514,0.4761390845210486,0.6042176842356026
0,2,0.8491956515653193,0.36456152914629575,1,0.6349326251232035,0.5801205660314931,0.5301679592620251,0.4698320407379749,0.5616284106308905
0,2,0.24966800885918594,0.26679870949105416,1,0.7938156154925394,0.6555158949963075,0.1840598512322844,0.8159401487677156,0.7550905530855209
1,2,0.4894249636431405,0.3974668232950274,1,0.6036053760616251,0.6998092742649915,0.4355902180291732,0.5644097819708268,0.6226081440991478
0,1,0.22120944181960223,0.3571931896753595,0,0.6515817276638631,0.35767856567809264,0.331699286305725,0.668300713694275,0.5591870023454103
1,0,0.987668007996647,0.6263727741234391,0,0.46853916383946426,0.39005627255605263,0.6146580411783625,0.38534195882163746,0.41464579840571814
0,1,0.9440593396866133,0.49781428079458395,1,0.5113105793768069,0.5243254057847995,0.4630185427763295,0.5369814572236705,0.5242058141284257
1,0,0.0394268113685059,0.5769453580309865,0,0.5064580301669039,0.4734817389470573,0.38233981925907196,0.6176601807409281,0.5325333166182965
2,2,0.7055751725156885,0.6939361084306438,1,0.6118056306803862,0.6711631180810345,0.5554669280295134,0.44453307197048664,0.5758339402439692
0,1,0.9252483174156658,0.3369352671212038,1,0.6524770937182952,0.544512824080513,0.2969727551787966,0.7030272448212034,0.6333390542066706
0,2,0.18057534512733353,0.35114555773417905,0,0.5702213421481361,0.5783183540669496,0.36259234411792346,0.6374076558820765,0.5953157840323874
0,1,0.5679452305526295,0.5401474192161555,0,0.5567189976922577,0.4754607037903884,0.46214393364726736,0.5378560663527326,0.5233452559451263
0,2,0.9154882975880418,0.19217526550165862,0,0.47823980608812017,0.4188073094581122,0.426908832720859,0.573091167279141,0.4900460942751244
1,0,0.03394597858579884,0.6908002548433371,0,0.5387608782961163,0.49568453328053513,0.5052378894952284,0.4947621105047716,0.5097358406938076
0,0,0.6974202672468399,0.6925089259720132,0,0.35988562326305606,0.3394849581569563,0.5307467098891155,0.46925329011088446,0.389541290510299
2,0,0.29734900737255077,0.7087707988681345,1,0.6758154537335529,0.6745424455902791,0.4946380617562368,0.5053619382437632,0.6185732791891985
2,1,0.9243961953765304,0.9596968582214234,1,0.563995692500785,0.5688994912008669,0.612515069939842,0.38748493006015805,0.5067933712539366
0,0,0.9710582451653678,0.6390077254531413,0,0.39015376816346814,0.285806975772491,0.501750016228295,0.49824998377170504,0.39140357590255476
2,1,0.9442664891134339,0.7239254633355026,1,0.45818501925664895,0.559175888725636,0.6481543433765324,0.35184565662346756,0.4564021882019175
0,0,0.47421421665746377,0.5418445138999758,0,0.4999726315040856,0.4387687267211238,0.5055022569539112,0.49449774304608884,0.4777463670904328
0,0,0.8620426509893134,0.6420369563511036,0,0.44302157558241306,0.367522122004597,0.5100119627381254,0.48998803726187456,0.4335105782829616
2,1,0.8445493985350704,0.7920554789947483,1,0.5981431541961533,0.5704244144441049,0.5965991908413487,0.4034008091586513,0.5239894592663031
0,1,0.31910047324325563,0.4857856465689625,0,0.5841433682960934,0.4850293031066987,0.3483700462074888,0.6516299537925112,0.573600875065101
2,0,0.8289154741506773,0.7908241881071312,0,0.42630851217034044,0.4312452096168693,0.7002224198181131,0.29977758018188694,0.38577710065636556
1,1,0.03700763471549262,0.5706368458751571,0,0.609118988038426,0.5455581342672506,0.45001304015446,0.54998695984554,0.5682213607170722
0,0,0.596269878482053,0.4182555381577073,0,0.5745217263283813,0.4649009306733496,0.5119780150428076,0.4880219849571924,0.5091482139863078
1,1,0.23000883728770305,0.5618782775939003,1,0.5695062537927338,0.6602487418918148,0.3491486550123386,0.6508513449876614,0.62686878022407
2,2,0.12056688577727881,0.521665924431249,1,0.7474261253888461,0.787852538205971,0.3856844152450557,0.6143155847549443,0.7165314161165872
1,2,0.07695320162920916,0.38414232590394426,1,0.7018529905155122,0.6989085521341302,0.3283579741418433,0.6716420258581567,0.6908011895025997
1,2,0.6962887758781398,0.6432381951088577,1,0.5833235302244464,0.5758124689460039,0.5197392518006668,0.4802607481993332,0.5464655824565945
2,2,0.33987496376806614,0.7431185084362336,1,0.6604607752692401,0.6731424056947567,0.49313341521869847,0.5068665847813015,0.6134899219150994
1,2,0.7247667715287615,0.5833904892435938,1,0.5781447478683681,0.5598514477786383,0.4300841079797073,0.5699158920202927,0.5693040292224331
1,0,0.06535634079894237,0.5473043576126363,0,0.5454876546782343,0.5264924415451786,0.4580651348498108,0.5419348651501892,0.5379716537912007
2,2,0.31529033783061033,0.599888188813581,1,0.6902121304472658,0.6447621973137442,0.493316775445945,0.506683224554055,0.6138858507716883
1,2,0.5394912923753372,0.6252588992354521,1,0.5541109040486906,0.5843886327489912,0.4126876585987499,0.5873123414012501,0.5752706260663106
2,2,0.7907231648389635,0.6932440078478869,1,0.5586632247174783,0.6275584435888691,0.6243538171354854,0.37564618286451457,0.520622617056954
1,2,0.3187525029320699,0.7138082042913765,1,0.6379509525672052,0.6004886609505384,0.5104652721870536,0.4895347278129464,0.57599144711023
2,1,0.6258913764370091,0.8019209215831381,1,0.5393948841234248,0.6223379321382354,0.5711748078028824,0.42882519219711757,0.5301860028195926
2,0,0.8859777482361871,0.907802686472622,0,0.4723770442800552,0.42364378860049556,0.6892173612960165,0.3107826387039835,0.40226782386151144
1,2,0.6158631881823046,0.48067467239798034,1,0.6673408441050729,0.6598998252229314,0.45428476850253513,0.5457152314974649,0.6243186336084897
1,2,0.23295947475363377,0.48665003795359163,0,0.4944187046990293,0.5741082072477921,0.3778537790863096,0.6221462209136903,0.5635577109535039
1,2,0.02440078155653802,0.4371930945175994,1,0.6825237608722835,0.6852853712414021,0.3263196195469646,0.6736803804530354,0.680496504188907
0,0,0.8700988739009299,0.657820755058952,0,0.47534935624458996,0.27097290359769316,0.4202418803723661,0.5797581196276339,0.442026793156639
0,1,0.021269410850387138,0.49779717276449714,0,0.4994756305286279,0.4208961568946741,0.396352345732054,0.603647654267946,0.5080064805637493
0,0,0.8747016726841994,0.508871221217625,0,0.4366482532508231,0.34345784791374345,0.4057919561458244,0.5942080438541756,0.4581047150062474
2,1,0.528937134027212,0.6197704180469434,0,0.5842782058457906,0.5239888735141732,0.6204426869396149,0.3795573130603851,0.4959414641401163
1,2,0.9390676985128962,0.3602862325409599,1,0.6871768858505521,0.5887405147333395,0.42244001984089985,0.5775599801591002,0.6178257935809972
2,2,0.7987832357736654,0.730677456268621,1,0.5883414952398223,0.5666708144275101,0.5584373731500772,0.44156262684992276,0.5321916455057517
0,0,0.9979341105333375,0.4894567504359464,0,0.42349405408130025,0.3350776777533035,0.4651404464065593,0.5348595535934406,0.4311437618093481
1,0,0.35071181545171015,0.46978212224992266,0,0.6451126748647775,0.5295403825890127,0.4191394652966295,0.5808605347033705,0.5851711973857202
2,1,0.7671882889311269,0.8155766893462091,0,0.5655531474929034,0.49379470628349076,0.7106778174009336,0.2893221825990664,0.4495566787918202
1,1,0.40193091360924216,0.8394930431042034,1,0.6069018982469045,0.544023876935424,0.3777471171458934,0.6222528828541066,0.5910595526788117
2,0,0.47987562030390885,0.8473804708764016,0,0.5020642038349399,0.46991991673725886,0.6700437536129161,0.3299562463870839,0.43398012231976085
1,1,0.6275054632183701,0.6965996237670012,1,0.5378562804660163,0.5342145230296798,0.5100068806679413,0.4899931193320587,0.5206879742759183
0,0,0.8736771141863388,0.5955506472733904,0,0.39244487407152073,0.34469912596055297,0.4493656789171071,0.5506343210828929,0.4292594403716555
0,1,0.9840834691992951,0.48851938160081526,0,0.48116154386311377,0.31735870658634,0.44040271520767693,0.5595972847923231,0.45270584508059225
1,0,0.7682734138645182,0.8187349896852287,0,0.44847207275241374,0.4117798335770106,0.6846811603456564,0.3153188396543436,0.3918569153279226
2,0,0.41776678216733376,0.8127492237978683,0,0.5844784842912276,0.4173873555937473,0.539214440467324,0.46078555953267597,0.4875504664725503
0,0,0.4213570022770702,0.5688749316348972,0,0.5197243249086307,0.3892369431954041,0.37619850430223173,0.6238014956977682,0.5109209212672677
0,1,0.7375823015888915,0.5059280107784906,0,0.3993093515195727,0.4000634880742975,0.5192814755901174,0.4807185244098826,0.42669712133458426
0,1,0.23877714576830233,0.3570686692125254,1,0.7215990655455581,0.6412713010207977,0.3098648164432987,0.6901351835567013,0.6843351833743524
1,1,0.11047411313139466,0.6602516462667918,0,0.49097406344110234,0.6363318780565596,0.40775033202292676,0.5922496679770732,0.5731852031582451
1,0,0.35462215764077654,0.6679662400945369,0,0.4949493486099436,0.4879437822878679,0.5044144444447085,0.4955855555552915,0.492826228817701
2,1,0.28723899165408173,0.6531493832161238,0,0.5878412961823393,0.5120412453553788,0.4677430295309355,0.5322569704690645,0.5440465040022608
2,1,0.2963081204559901,0.7832817964026395,0,0.6351680235228072,0.5238493640901677,0.6144718269103207,0.38552817308967935,0.5148485202342181
2,0,0.23360775104990994,0.7335139769258874,0,0.7120809596175108,0.45977625896921637,0.5881639039789094,0.4118360960210906,0.5278977715359393
1,2,0.04209318963636188,0.457027434700549,1,0.7390186035830082,0.7066619711036612,0.3600225187967161,0.6399774812032839,0.6952193519633179
1,0,0.01787393473341381,0.650875493808921,0,0.5437901274479631,0.47348345152972215,0.45602679141503916,0.5439732085849609,0.5204155958542154
2,1,0.9877223897360315,0.907361795556761,0,0.45574450478339606,0.460402378120494,0.7884263033708017,0.21157369662919834,0.37590685984436284
2,0,0.42777313373586234,0.8902471366615816,1,0.634531316921631,0.6086284260565245,0.5612244274282652,0.43877557257173483,0.5606451051832967
1,2,0.3843266471596817,0.4859299688414538,1,0.6497549633537361,0.6565600143407123,0.3343342814553483,0.6656657185446517,0.6573268987463667
2,0,0.6796472826930698,0.9497413581893357,0,0.5368734320695084,0.40922909445927746,0.6893431955023765,0.31065680449762345,0.4189197770088031
0,1,0.21825388786506417,0.5608461436882378,1,0.6214243060665924,0.6705405651267994,0.4552942787630867,0.5447057212369133,0.6122235308101017
1,2,0.9499611839502253,0.6007771490302087,1,0.5996578913504845,0.5497482323625251,0.4619893476423038,0.5380106523576962,0.5624722586902352
2,1,0.786345014415552,0.7796697634258932,1,0.6207607821333999,0.7123490095876205,0.5637795428554015,0.43622045714459845,0.589776749621873
1,2,0.08941100231225951,0.32775747699621005,1,0.7638109872006338,0.7780388985793897,0.3225611953507746,0.6774388046492255,0.7397628968097497
0,2,0.41758077578492836,0.2352467112709556,0,0.6296149340637011,0.515181965454839,0.33051588729873893,0.6694841127012611,0.6047603374066003
1,0,0.8791183075621647,0.7073893603207497,0,0.4190087018202125,0.4160951203782287,0.5349693752116839,0.46503062478831614,0.43337814899558574
1,0,0.9447320222914103,0.6835219820132127,0,0.42255511546959357,0.4154415267325401,0.6428592907591989,0.3571407092408011,0.3983791171476449
1,1,0.4674015112498697,0.5780430208264424,0,0.47483923097849556,0.38301743447612446,0.5995251690362762,0.4004748309637238,0.41944383213944797
1,0,0.6134113892107077,0.7170061314107815,0,0.49553208318670605,0.4131949307344818,0.5569201207560359,0.4430798792439641,0.4506022977217173
0,0,0.16703394609207523,0.5696726700448806,0,0.5513416295529339,0.47979565751694686,0.35075347844047544,0.6492465215595246,0.5601279362098017
1,2,0.9911686261369765,0.5420669848077885,1,0.61115168525156,0.5730981594879104,0.4238473631102092,0.5761526368897908,0.5868008272097538
1,0,0.2316717013834434,0.7218173345209645,0,0.5940122511727433,0.4014855698635669,0.504194754624865,0.49580524537513504,0.49710102213714835
2,2,0.9427317741351257,0.7007206188945247,1,0.5952308359766776,0.6190718098512802,0.6368198189544392,0.3631801810455608,0.5258276089578395
1,2,0.6496466489923685,0.3174180082638497,1,0.7232470154012339,0.757893175867728,0.40643078715277925,0.5935692128472208,0.6915698013720609
2,2,0.6077367948788591,0.5668401401060106,1,0.6145892346733451,0.7577061353647702,0.4910923692176894,0.5089076307823106,0.6270676669401419
0,1,0.5126885110165086,0.43686009552948935,1,0.5983181351157822,0.576162154327345,0.3284977227218578,0.6715022772781423,0.6153275222404232
0,1,0.2306698117177587,0.3020975068876651,0,0.6210806546402134,0.544367709724857,0.27062154218805884,0.7293784578119411,0.6316089407256705
0,1,0.17652803200550826,0.47764567620017134,0,0.581508599476555,0.44107986609089356,0.4115104739771217,0.5884895260228783,0.5370259971967756
0,2,0.22048620907017535,0.47512370414138727,1,0.6207159204673571,0.5195671495348961,0.3712986236722218,0.6287013763277782,0.5896614821100105
2,1,0.18643826214425452,0.8405200113841571,1,0.625620207777424,0.6312741062901724,0.43283525340234874,0.5671647465976513,0.6080196868884159
1,1,0.7795844735667533,0.6066141602636546,1,0.5141636172301879,0.6629407615314857,0.5684138680231435,0.43158613197685647,0.5362301702461766
0,0,0.3501252591667301,0.6840851396016683,0,0.441910472162496,0.3732640299081101,0.4864478918002101,0.5135521081997899,0.442908870090132
1,1,0.05784267656339637,0.5706510133765509,0,0.6175395865066844,0.5182269264995037,0.48985143775476436,0.5101485622452356,0.5486383584171413
2,1,0.9691026301408113,0.7632016659022772,1,0.602889488020564,0.5879153580937894,0.537219506867549,0.46278049313245095,0.551195113082268
2,2,0.8837858849634257,0.6270383221422487,1,0.6485432009300431,0.7423929427474771,0.4823881716164165,0.5176118283835835,0.6361826573537013
2,2,0.927752283195213,0.6625282596707086,1,0.610954978138314,0.7143356068670006,0.5604728548921296,0.4395271451078704,0.588272576704395
0,2,0.9949078226464353,0.36067310041052064,1,0.592660445543609,0.6513817978522043,0.43257732486488126,0.5674226751351188,0.6038216395103106
1,2,0.1738952492194873,0.48443114715949753,1,0.6542650739565297,0.6800725227837845,0.4512316726771205,0.5487683273228795,0.6277019746877311
1,2,0.39624201890265875,0.5056815999952523,1,0.6936127391212852,0.6708117821702226,0.43644472852473104,0.563555271475269,0.6426599309222589
1,2,0.7582384757040913,0.5261284495857506,0,0.5373862647733352,0.3816471430480318,0.49944024239073714,0.5005597576092629,0.47319772181020997
2,1,0.6960206180537922,0.8132958787800143,1,0.6110101169602564,0.6970002774444551,0.5270733959587786,0.47292660404122144,0.5936456661486443
0,2,0.15389590633985506,0.43445421811261964,1,0.6279724017988496,0.5645299591476657,0.3649206800207217,0.6350793199792784,0.6091938936419312
2,2,0.8158331249906178,0.7765387260431943,1,0.4777879236944177,0.6288041216784588,0.5371013152740152,0.46289868472598483,0.5231635766996204
2,0,0.22444057183666066,0.6739542603386757,0,0.6302273003024159,0.5097134399132897,0.5972757916157179,0.40272420838428213,0.5142216495333293
1,1,0.22381761482262308,0.3169896479920669,1,0.7085794713196973,0.6944511328863336,0.3044503041406881,0.6955496958593119,0.6995267666884476
2,1,0.5369744228934136,0.8471294334132689,1,0.5490249394845219,0.591917589346988,0.6442140970888852,0.3557859029111148,0.4989094772475416
1,1,0.5929399348417032,0.4726061236426282,1,0.6835981150187409,0.6103019138745476,0.45466939182200783,0.5453306081779922,0.6130768790237603
0,2,0.5800862078378112,0.3355320805945127,1,0.6217311230419085,0.5695504997533857,0.3308227808819026,0.6691772191180974,0.6201529473044638
1,2,0.09148683739775487,0.34213738113383957,1,0.7912069211224038,0.7060737944825556,0.2803944213585088,0.7196055786414912,0.7389620980821502
0,2,0.8774608626303804,0.20754804250503606,1,0.6808397984642859,0.6344843814471107,0.3268381482787639,0.6731618517212361,0.6628286772108776
1,0,0.26560004258870606,0.7307062770793494,0,0.5384065787773484,0.4102082859663919,0.5204677241308726,0.4795322758691274,0.4760490468709559
2,2,0.12951492128280417,0.6888670081585452,1,0.6120906198641293,0.7332685287571207,0.45994516545087005,0.54005483454913,0.62847132772346
2,0,0.8887480798689772,0.8312237679142258,1,0.6223552609081545,0.6564422460524442,0.582988771951179,0.41701122804882096,0.5652695783364733
0,1,0.9556514982297534,0.2364609206084844,0,0.5465591005561721,0.4005467718346387,0.4060044304011267,0.5939955695988732,0.513700480663228
0,2,0.8621276172654506,0.33158831690129675,1,0.5958468862407558,0.5277516621654417,0.38272448914616414,0.6172755108538359,0.5802913530866778
0,0,0.8095160747248781,0.6201320080127425,0,0.44017821349080194,0.3362988377708165,0.4010303088918138,0.5989696911081862,0.4584822474566015
1,0,0.6552419806390217,0.5676330411864894,0,0.425374127935235,0.5184489624447306,0.531484615191235,0.468515384808765,0.4707794917295769
1,2,0.5508573706091393,0.5234217290388296,1,0.6583203848014707,0.6427470648148637,0.3806690630671794,0.6193309369328206,0.640132795516385
0,1,0.08698675991141014,0.40716769107384143,0,0.517682441277603,0.46120895131179046,0.2775317011485767,0.7224682988514233,0.5671198971469389
2,1,0.4084532130706987,0.7987744712671787,1,0.5518888230205998,0.6854858291741235,0.4465331059852229,0.5534668940147771,0.5969471820698334
1,1,0.372688517012314,0.5992268885426467,1,0.55684512242508,0.5803560483310394,0.3359767192212466,0.6640232807787534,0.6004081505116242
1,0,0.2597537837603262,0.5786684842878771,0,0.6060584950871005,0.5382304003989389,0.38479123769479756,0.6152087623052025,0.5864992192637474
1,0,0.7234201136885849,0.8419991615353077,1,0.4935950704859097,0.5531201613586312,0.5156617176323555,0.48433828236764453,0.5103511714040618
0,0,0.4958757350787708,0.5337346162051801,0,0.5669784271263938,0.39167083418230825,0.5321647019996981,0.4678352980003019,0.47549485310300127
0,0,0.08104621590764793,0.5053741676397716,0,0.5134930549646888,0.42200162225877774,0.33747519888331845,0.6625248011166815,0.532673159446716
0,1,0.22018320194981134,0.3286915242876615,0,0.49400632463907296,0.44707108857993444,0.3405224428921717,0.6594775571078283,0.5335183234422786
0,2,0.6832587636595959,0.32399765124680857,0,0.47864860626256484,0.46375040236644194,0.41971217924829834,0.5802878207517017,0.5075622764602362
0,0,0.07613085949030018,0.4191328145463399,0,0.628437650687415,0.547530118349032,0.3437127325982394,0.6562872674017606,0.6107516788127358
2,0,0.8512069140487687,0.8678260854125346,0,0.4467365740745293,0.4090332616095743,0.6641566896947759,0.3358433103052241,0.3972043819964426
2,1,0.4951465270139743,0.9206855007156318,1,0.5468653322593829,0.6433303767569893,0.5207129410868234,0.4792870589131766,0.5564942559765164
0,2,0.480586577326648,0.21086854343952918,1,0.6966816905281157,0.5352611239308165,0.3578949270448165,0.6421050729551835,0.6246826291380385
1,2,0.5924077846595176,0.34788463867827757,1,0.7114829667389422,0.6427090196384285,0.4735863914843052,0.5264136085156947,0.6268685316310217
0,1,0.8246809659251492,0.6295851293418758,1,0.5845263054000454,0.49208905510996803,0.3784447489852008,0.6215552510147992,0.5660568705082708
2,1,0.34780920790219305,0.7138485530750328,1,0.723489474781917,0.6443165859338869,0.44512451756351984,0.5548754824364801,0.640893847717428
2,2,0.6780161525590636,0.6008943413899148,1,0.6339416500376649,0.6315891576059539,0.4979802081819837,0.5020197918180163,0.5891835331538783
1,0,0.5657319639957911,0.8105636651391868,0,0.38395531975456293,0.3760822702122641,0.5198020043956151,0.4801979956043849,0.41341186185707063
2,2,0.2670282701694213,0.5661412730432558,1,0.6827815330139172,0.751030925735174,0.4651949001111832,0.5348050998888167,0.6562058528793027
0,1,0.878629986355158,0.6704639699902095,0,0.42401183569656564,0.3175819582195099,0.4965200788300059,0.5034799211699941,0.4150245716953565
1,0,0.7974260216069281,0.7975351892946198,0,0.38280889474039065,0.27301351841726507,0.7071272634197553,0.2928727365802447,0.31623171657930016
0,0,0.6584518346584255,0.5170540426512723,0,0.43118105799402356,0.28568726154641755,0.5134114177113254,0.48658858228867463,0.40115230060970525
0,1,0.8505817290942419,0.7007889942359746,0,0.42189452289727764,0.29238968505683854,0.5484526591665394,0.4515473408334606,0.3886105162625256
1,1,0.8672942009598024,0.5761579277956465,0,0.48799058398680334,0.45476954323858965,0.5942908216486509,0.4057091783513491,0.4494897685255807
0,1,0.7083629767150348,0.5450458348724342,0,0.4672898016373456,0.2413597419398255,0.525063218186851,0.474936781813149,0.3945287751301067
2,2,0.837013328363672,0.7136305908770164,1,0.5642847231655242,0.6061642440695237,0.5414438021147435,0.4585561978852565,0.5430017217067681
0,2,0.6974714616692836,0.49992127510680817,0,0.46875643559074076,0.36501071299711285,0.4137862395553367,0.5862137604446633,0.4733269696775057
1,0,0.6801407717603004,0.8741651968487153,0,0.37352470655594017,0.44925869708700755,0.6081778279671419,0.3918221720328581,0.4048685252252686
1,1,0.6186113782151843,0.6150615527280952,0,0.5481303169162923,0.43275015584651083,0.5603919787756033,0.4396080212243967,0.4734961646623999
1,0,0.7527166395576412,0.6499298769211458,0,0.5315118397040798,0.446340983259843,0.5548394789426607,0.4451605210573393,0.47433778134042065
0,0,0.1586051052930737,0.561857724823219,0,0.42327277891182225,0.4475658131633995,0.3134982591313769,0.6865017408686231,0.5191134443146149
1,0,0.8808707591989284,0.6703155389446822,0,0.414342719387082,0.3001883001695979,0.5330840533657017,0.46691594663429825,0.3938156553969927
1,0,0.871843527745232,0.9385230775271856,0,0.30643226121281714,0.37915836812036263,0.6486348092402215,0.35136519075977846,0.3456519400309861
0,1,0.029247283034559146,0.41657826141172966,0,0.5396005965526802,0.5031155859557349,0.3255772906624112,0.6744227093375887,0.5723796306153346
2,0,0.8258167505647627,0.8460495199252654,0,0.459431570476426,0.4748030419346416,0.7563144774017845,0.24368552259821552,0.3926400450030944
0,1,0.1288698674734452,0.43135501733383536,0,0.4852242470675783,0.673008746891544,0.27943758820121745,0.7205624117987826,0.6262651352526349
1,1,0.3351188542591419,0.4487992564729446,0,0.5357553469759367,0.4233802763957374,0.45018706717254836,0.5498129328274517,0.5029828520663753
1,2,0.7435082562916078,0.42718942177809566,1,0.5972944792333356,0.7202164862885385,0.5041387203935843,0.4958612796064157,0.6044574150427632
0,1,0.1607598960483082,0.5361173803992734,0,0.5334521627453344,0.43230709140436685,0.498521685798168,0.501478314201832,0.4890791894505111
2,2,0.8179670241190622,0.6161072745147667,1,0.6368383320854761,0.6721835836971713,0.5173073648130913,0.48269263518690875,0.5972381836565187
1,1,0.8321341779577419,0.5285223195275802,1,0.5721430086790891,0.5957377064981138,0.49794829518794537,0.5020517048120546,0.5566441399964192
1,1,0.5074677337608362,0.6544120486288122,0,0.5117706556422427,0.43428904312159433,0.5409317925127014,0.4590682074872986,0.46837596875037857
1,1,0.00638587171683358,0.6692090026379831,1,0.6212647078075584,0.6334397983225463,0.4014946681265845,0.5985053318734155,0.6177366126678401
0,2,0.2870381331749128,0.40059914438399796,1,0.6375336878510066,0.6318810747016614,0.308293203229471,0.691706796770529,0.6537071864410656
1,2,0.6169269183757422,0.6112974604181559,1,0.6885906745519059,0.527285719856788,0.4877270453568104,0.5122729546431897,0.5760497830172945
2,0,0.9811861780274235,0.8224391089457963,1,0.6221727021030361,0.6241768397763483,0.4972973551268681,0.5027026448731319,0.5830173955841721
